business_id,name,city,state,search_category,ClosureRiskScore,RiskBucket,RiskProfile,PrimaryRiskDriver,EngagementRisk,RatingRiskComponent,PriceRiskComponent,CompetitionRisk,rating,review_count,price_level,MarketDensity,latitude,longitude
cs6HfZNykLVitm09jWFqWg,Moonshine Grill,Austin,TX,restaurants,-0.9014226022465384,Low Risk,Crowded Market Risk,CompetitionRisk,-2.473343050493542,-0.5352067869990867,-0.5971405714935247,0.0,4.4,6314,2.0,200,30.26375388334444,-97.738076861816
He2KYtXXfaIR0nkCXH5xiQ,Loro Asian Smokehouse & Bar,Austin,TX,restaurants,-0.5328335556586443,Low Risk,Crowded Market Risk,CompetitionRisk,-1.4237541554110835,-0.11043949572996915,-0.5971405714935247,0.0,4.3,2497,2.0,200,30.24773956571551,-97.77135488952511
Rba9Ol4jnTiov6_iAuoF5g,1618 Asian Fusion,Austin,TX,restaurants,-1.0805042026435836,Low Risk,Crowded Market Risk,CompetitionRisk,-1.9153675782743773,-1.8095086608064321,-0.5971405714935247,0.0,4.7,3856,2.0,200,30.245474,-97.730411
BHZ9puL8YuHE-YEdkmxH-g,Canje,Austin,TX,restaurants,0.06846134477377624,Medium Risk,Lower Relative Risk,PriceRiskComponent,0.23858517154076453,-0.9599740782682007,0.9952342858225411,0.0,4.5,574,3.0,200,30.26177,-97.72232
YZs1gNSh_sN8JmN_nrpxeA,Terry Black's Barbecue,Austin,TX,restaurants,-1.0882336009748326,Low Risk,Crowded Market Risk,CompetitionRisk,-2.795819754137605,-0.9599740782682007,-0.5971405714935247,0.0,4.5,8396,2.0,200,30.2596915716907,-97.7548013627529
KIHoGUfCOLhBFQVSAN4QSg,Suerte,Austin,TX,restaurants,0.05399211855742497,Medium Risk,Lower Relative Risk,PriceRiskComponent,-0.6688263158628721,-0.11043949572996915,0.9952342858225411,0.0,4.3,1281,3.0,200,30.26228,-97.72331
fTpp8kuKOITj1KSEz9UG2Q,Qi Austin,Austin,TX,restaurants,-0.3343599054290817,Low Risk,High-End / Niche Risk,CompetitionRisk,-0.20509226322371543,-0.5352067869990867,-0.5971405714935247,0.0,4.4,850,2.0,200,30.27058605281438,-97.75251467522534
AcFt364BrHyMu3VrSCKMOw,Salty Sow,Austin,TX,restaurants,-0.22154567418316512,Low Risk,Lower Relative Risk,PriceRiskComponent,-1.7709774868252324,-0.11043949572996915,0.9952342858225411,0.0,4.3,3394,3.0,200,30.2836497259461,-97.7213180065155
uPWJtYJi76EniU0xrX-zbA,Odd Duck,Austin,TX,restaurants,-0.22937257412092993,Low Risk,Lower Relative Risk,PriceRiskComponent,-1.377517795307174,-0.5352067869990867,0.9952342858225411,0.0,4.4,2397,3.0,200,30.25452,-97.762064
XOo0oa5sXCZGjKXapIN95w,Red Ash,Austin,TX,restaurants,0.3016507473299063,High Risk,Lower Relative Risk,PriceRiskComponent,-0.8457993668198948,-0.5352067869990867,2.587609143138607,0.0,4.4,1498,4.0,200,30.26588,-97.744672
4sfF1paqVfXvzAIdzs6MQg,Uchiko Austin,Austin,TX,restaurants,0.06501790750222802,Medium Risk,Lower Relative Risk,PriceRiskComponent,-1.367563434861494,-0.9599740782682007,2.587609143138607,0.0,4.5,2376,4.0,200,30.31078344245359,-97.7399856448906
J8Ha6yIvGoU-E31jnCq7Ew,Barley Swine,Austin,TX,restaurants,0.3452327074602521,High Risk,Lower Relative Risk,PriceRiskComponent,-0.6714715262985117,-0.5352067869990867,2.587609143138607,0.0,4.4,1284,4.0,200,30.3412737661652,-97.7383886364151
P2fi7qugfLPOFSxscpaAxg,Anthem,Austin,TX,restaurants,-0.31687489285256837,Low Risk,High-End / Niche Risk,CompetitionRisk,-0.13515221291766197,-0.5352067869990867,-0.5971405714935247,0.0,4.4,799,2.0,200,30.2603388,-97.738071
bZiIIUcpgxh8mpKMDhdqbA,Hopdoddy Burger Bar,Austin,TX,restaurants,-0.6427546981839598,Low Risk,Crowded Market Risk,RatingRiskComponent,-2.2882060167814595,0.3143277955391447,-0.5971405714935247,0.0,4.2,5361,2.0,200,30.249599774821025,-97.74996767434698
GwAFL29gpnEIjAG9MauMig,Aba,Austin,TX,restaurants,-0.14217851432339157,Medium Risk,Lower Relative Risk,PriceRiskComponent,-1.0287415561170206,-0.5352067869990867,0.9952342858225411,0.0,4.4,1761,3.0,200,30.25357,-97.74803
28RuK9yoG0k0LLGM7fqKQQ,Lin Asian Bar And Dim Sum,Austin,TX,restaurants,0.16284471807655806,Medium Risk,Lower Relative Risk,PriceRiskComponent,-0.6581832090554536,0.3143277955391447,0.9952342858225411,0.0,4.2,1269,3.0,200,30.27281,-97.75799
zFaHweOJ40jjtvpGTjlspw,Uchi Austin,Austin,TX,restaurants,0.09190733343257174,Medium Risk,Lower Relative Risk,PriceRiskComponent,-1.684773022409233,-0.5352067869990867,2.587609143138607,0.0,4.4,3145,4.0,200,30.25753918349428,-97.75979576540756
-IIvmjoEKa9Trhf4OxzJeA,Caroline,Austin,TX,restaurants,-0.2990054597072872,Low Risk,Crowded Market Risk,RatingRiskComponent,-0.9132090628747687,0.3143277955391447,-0.5971405714935247,0.0,4.2,1590,2.0,200,30.2688377,-97.7423301
wKQNqpvphl0zGCv9JuIN8Q,J Carver’s,Austin,TX,restaurants,0.6783452782076269,High Risk,Lower Relative Risk,PriceRiskComponent,1.0857460479601015,-0.9599740782682007,2.587609143138607,0.0,4.5,271,4.0,200,30.26954398783698,-97.74950906575312
feNjLEC9gZ5QdPlQ05SDwQ,Hestia,Austin,TX,restaurants,-0.02837696246504398,Medium Risk,High-End / Niche Risk,EngagementRisk,0.594072217363318,-0.11043949572996915,-0.5971405714935247,0.0,4.3,419,,200,30.266775,-97.74998
MGzro82Fi4LYvc86acoONQ,Franklin Barbecue,Austin,TX,restaurants,-1.0100234694541268,Low Risk,Crowded Market Risk,CompetitionRisk,-2.482979228054782,-0.9599740782682007,-0.5971405714935247,0.0,4.5,6368,2.0,200,30.2701348,-97.7313451068641
v1UzkU8lEWdjxq8byWFOKg,Gus's World Famous Fried Chicken - Austin,Austin,TX,restaurants,-0.6213012268918334,Low Risk,Crowded Market Risk,CompetitionRisk,-1.77762484034384,-0.11043949572996915,-0.5971405714935247,0.0,4.3,3414,2.0,200,30.2634862,-97.7417305
wB1qckz9iC0aq5XuWRmCIA,Jewboy Burgers,Austin,TX,restaurants,-0.7359547691604273,Low Risk,High-End / Niche Risk,CompetitionRisk,-0.9619371356108702,-1.3847413695373145,-0.5971405714935247,0.0,4.6,1660,2.0,200,30.3127408,-97.71508227214272
qkpTiGcJbkNKgmCj4rmkkQ,Bouldin Creek Cafe,Austin,TX,restaurants,-0.8023525415116897,Low Risk,Crowded Market Risk,CompetitionRisk,-1.6522955162850335,-0.9599740782682007,-0.5971405714935247,0.0,4.5,3056,2.0,200,30.24646,-97.75677
IqNExVdP8Mr8GQa8OgozcA,Honey Moon Spirit Lounge,Austin,TX,restaurants,-0.03557391018997577,Medium Risk,High-End / Niche Risk,EngagementRisk,0.9900517177327084,-0.5352067869990867,-0.5971405714935247,0.0,4.4,295,,200,30.301011,-97.740579
kCdONcIH6Fz5Gz3TmBWdTw,Garrison,Austin,TX,restaurants,-0.24891177990174948,Low Risk,High-End / Niche Risk,EngagementRisk,0.9862348214238413,-1.3847413695373145,-0.5971405714935247,0.0,4.6,296,,200,30.261996508728377,-97.73803640378569
7PZKJbMakI_WSbgA-DJUHA,Banger’s Sausage House & Beer Garden,Austin,TX,restaurants,-0.36403096345669556,Low Risk,Crowded Market Risk,RatingRiskComponent,-1.59807836914152,0.7390950868082624,-0.5971405714935247,0.0,4.1,2913,2.0,200,30.258905,-97.738413
DSQCRlBZ_oy4kyTzqDfb9w,Dean's Italian Steakhouse,Austin,TX,restaurants,-0.04955997855902533,Medium Risk,High-End / Niche Risk,EngagementRisk,0.9341074442565102,-0.5352067869990867,-0.5971405714935247,0.0,4.4,310,,200,30.26437243179697,-97.74314047301984
1Eq16r_MSnvPsnIykBdy9w,Home Slice Pizza,Austin,TX,restaurants,-0.8280247230708238,Low Risk,Crowded Market Risk,CompetitionRisk,-2.179751533790683,-0.5352067869990867,-0.5971405714935247,0.0,4.4,4871,2.0,200,30.2492254,-97.74955321609524
pCIdgI3QYpzgrtLAmDemuA,Truluck's Ocean's Finest Seafood & Crab,Austin,TX,restaurants,-0.021702919807675247,Medium Risk,Lower Relative Risk,PriceRiskComponent,-0.5468391780541553,-0.5352067869990867,0.9952342858225411,0.0,4.4,1150,3.0,200,30.265954,-97.745301
jmmzYxurOoA_K_RtanzQow,Paperboy East,Austin,TX,restaurants,-0.5760934623741178,Low Risk,High-End / Niche Risk,CompetitionRisk,-0.7472591997347459,-0.9599740782682007,-0.5971405714935247,0.0,4.5,1373,2.0,200,30.26847,-97.72761
fWgfmVcdwx_vY4wSphV1Lw,Soto South Lamar,Austin,TX,restaurants,0.2168273151214858,High Risk,Lower Relative Risk,PriceRiskComponent,-0.017485529606628882,-0.11043949572996915,0.9952342858225411,0.0,4.3,720,3.0,200,30.255700844821217,-97.76207951024544
7kJab3nyBrRTfMMZMlgiSg,Este,Austin,TX,restaurants,0.4063439565520339,High Risk,Lower Relative Risk,PriceRiskComponent,0.7405810361155638,-0.11043949572996915,0.9952342858225411,0.0,4.3,368,3.0,200,30.28420740251809,-97.71961013910531
Fuv7Apt32H5_ihp0qDEbAg,Arlo Grey by Kristen Kish,Austin,TX,restaurants,0.7479982456933132,High Risk,Lower Relative Risk,RatingRiskComponent,0.4081290276042196,1.588629669346492,0.9952342858225411,0.0,3.9,494,3.0,200,30.262724161102867,-97.74410642632972
JW3SkLOUfGhcVQGosoozUA,Launderette,Austin,TX,restaurants,-0.2764332889282469,Low Risk,Crowded Market Risk,RatingRiskComponent,-0.8229203797586075,0.3143277955391447,-0.5971405714935247,0.0,4.2,1468,2.0,200,30.25193,-97.72273
Lcb9FB6Y_EhLEiJVUJ7tVA,Dai Due,Austin,TX,restaurants,0.19276589257768315,Medium Risk,Lower Relative Risk,PriceRiskComponent,-0.11373121978183942,-0.11043949572996915,0.9952342858225411,0.0,4.3,784,3.0,200,30.2848871297558,-97.7167839693365
5ufHVEdJNPypB4v_UhUUUQ,Patrizi's,Austin,TX,restaurants,-0.4123245316184985,Low Risk,High-End / Niche Risk,CompetitionRisk,-0.5169507679813825,-0.5352067869990867,-0.5971405714935247,0.0,4.4,1120,2.0,200,30.2839715080976,-97.7172101465576
UiiIGT4lbFQhuFIiI1P7DA,True Food Kitchen,Austin,TX,restaurants,-0.3532220640607984,Low Risk,Crowded Market Risk,CompetitionRisk,-0.7053081890196998,-0.11043949572996915,-0.5971405714935247,0.0,4.3,1323,2.0,200,30.26725659515228,-97.75229656995631
i1GWpxJ1Phm2awhVaTkouA,Juniper,Austin,TX,restaurants,0.7133715438785548,High Risk,Lower Relative Risk,PriceRiskComponent,-0.04845076316353189,0.3143277955391447,2.587609143138607,0.0,4.2,740,4.0,200,30.254867,-97.717182
Tta8AYBZq3fwr1n2up75vQ,Eureka!,Austin,TX,restaurants,-0.12749341880695275,Medium Risk,Crowded Market Risk,RatingRiskComponent,-0.6519281905425487,0.7390950868082624,-0.5971405714935247,0.0,4.1,1262,2.0,200,30.26783303493941,-97.74124011397362
FbZLY5XASP9phByStRTSaw,Doc B's Restaurant + Bar,Austin,TX,restaurants,-0.3640029769942967,Low Risk,High-End / Niche Risk,CompetitionRisk,-0.32366454948457524,-0.5352067869990867,-0.5971405714935247,0.0,4.4,944,2.0,200,30.402758,-97.719745
Wn8j-1-ity6hdjP4bC_wkw,Sip Pho,Austin,TX,restaurants,-0.2761726620119227,Low Risk,High-End / Niche Risk,EngagementRisk,0.4524240017140346,-0.9599740782682007,-0.5971405714935247,0.0,4.5,475,2.0,200,30.295421,-97.742327
EoIJZMBqFwX-TNAj6rmctg,Ichi Umi Sushi,Austin,TX,restaurants,-0.35193700278706086,Low Risk,Crowded Market Risk,CompetitionRisk,-0.7001679439247496,-0.11043949572996915,-0.5971405714935247,0.0,4.3,1317,2.0,200,30.386785,-97.741872
pS_RoFsMCMFvoFMSSCJR9w,Salt Traders Zilker,Austin,TX,restaurants,-0.09948064261550056,Medium Risk,High-End / Niche Risk,EngagementRisk,0.3096574967614916,-0.11043949572996915,-0.5971405714935247,0.0,4.3,539,2.0,200,30.26297,-97.784594
eJ7X_8KXVlyHZtGrrLz4yg,Lamberts Downtown Barbecue,Austin,TX,restaurants,0.04871433113402568,Medium Risk,Crowded Market Risk,RatingRiskComponent,-1.2213990645859802,2.0133969606156077,-0.5971405714935247,0.0,3.8,2088,2.0,200,30.265235082587218,-97.74790507437532
Unl62KlI0kwF8pToy7QjSA,Vic & Al's,Austin,TX,restaurants,-0.461669526772867,Low Risk,High-End / Niche Risk,EngagementRisk,0.13520383393937138,-1.3847413695373145,-0.5971405714935247,0.0,4.6,629,2.0,200,30.2849835,-97.7168484
97bK6WFJdJzy0oNNb3X6Hg,Fixe Austin's Southern House,Austin,TX,restaurants,0.3252923962396336,High Risk,Lower Relative Risk,PriceRiskComponent,-0.43315978767226937,0.7390950868082624,0.9952342858225411,0.0,4.1,1040,3.0,200,30.26853,-97.74773
8sEbM_ACHUbBsZ-TRZFXWA,Home Slice Pizza,Austin,TX,restaurants,-0.4772905239601589,Low Risk,High-End / Niche Risk,CompetitionRisk,-0.3520474460789102,-0.9599740782682007,-0.5971405714935247,0.0,4.5,968,2.0,200,30.3163524006061,-97.7183958217672
8RPIjybMh5Eg90eVsv3fRQ,Via 313 Pizza,Austin,TX,restaurants,-0.44319901933295675,Low Risk,High-End / Niche Risk,CompetitionRisk,-0.21568142757010153,-0.9599740782682007,-0.5971405714935247,0.0,4.5,858,2.0,200,30.29787158414248,-97.74147301566296
gaDwde0ErnE4OJVLAuAUpw,Nido,Austin,TX,restaurants,0.10464600470708957,Medium Risk,High-End / Niche Risk,EngagementRisk,0.7013967947827382,0.3143277955391447,-0.5971405714935247,0.0,4.2,381,,200,30.26410527121516,-97.7566834256152
ooRIabaNiaKtpEeEsIpTkw,Postino Bryker Woods,Austin,TX,restaurants,0.019572403620880863,Medium Risk,High-End / Niche Risk,EngagementRisk,2.4849388467834803,-1.8095086608064321,-0.5971405714935247,0.0,4.7,78,2.0,200,30.307205,-97.751627
acMhW2yiFCNU6PoGiHxvPQ,El Alma,Austin,TX,restaurants,-0.15804104697073187,Medium Risk,Crowded Market Risk,RatingRiskComponent,-0.7741187031976652,0.7390950868082624,-0.5971405714935247,0.0,4.1,1406,2.0,200,30.2601,-97.75562
4htpnlDZ6zAfpvEwPw1CDQ,Eddie V's Prime Seafood,Austin,TX,restaurants,0.30392478907548504,High Risk,Lower Relative Risk,PriceRiskComponent,-0.83670319983758,-0.5352067869990867,2.587609143138607,0.0,4.4,1486,4.0,200,30.2662563,-97.7406372
OD2IZRD5qopWWHHR-blN8Q,Ramen Tatsu-Ya,Austin,TX,restaurants,-0.37507528352345926,Low Risk,Crowded Market Risk,RatingRiskComponent,-1.6422556494085747,0.7390950868082624,-0.5971405714935247,0.0,4.1,3029,2.0,200,30.36114124578393,-97.71522845863804
J0oTYJx-dGn5yk926s6eGw,DeSano Pizzeria Napoletana,Austin,TX,restaurants,-0.5212790917702061,Low Risk,High-End / Niche Risk,CompetitionRisk,-0.5280017173190993,-0.9599740782682007,-0.5971405714935247,0.0,4.5,1131,2.0,200,30.35851,-97.73065
PrWSjn4a8o4dHoqKs53GBA,Bird Bird Biscuit,Austin,TX,restaurants,-0.8653557057825509,Low Risk,High-End / Niche Risk,CompetitionRisk,-1.0547735908302467,-1.8095086608064321,-0.5971405714935247,0.0,4.7,1802,2.0,200,30.284804,-97.713964
GZfHsTQAabxdXB_z30h6kw,DeSano Pizzeria Napoletana,Austin,TX,restaurants,-0.470138059427925,Low Risk,High-End / Niche Risk,EngagementRisk,0.5260969945882569,-1.8095086608064321,-0.5971405714935247,0.0,4.7,445,2.0,200,30.26629005721868,-97.7459750033982
pSOf1v4Wcnxe09ErQmOtJw,Ember Kitchen,Austin,TX,restaurants,-0.28465985187102893,Low Risk,High-End / Niche Risk,EngagementRisk,0.8432425335467235,-1.3847413695373145,-0.5971405714935247,0.0,4.6,336,,200,30.266578,-97.752637
ZJFIDLUiZ2Vs0NTj0pGVfg,Perry's Steakhouse & Grille - Downtown Austin,Austin,TX,restaurants,0.1871982619359369,Medium Risk,Lower Relative Risk,PriceRiskComponent,-0.985536324887056,0.7390950868082624,0.9952342858225411,0.0,4.1,1695,3.0,200,30.269628,-97.743311
UacakYbLnef2TYU2YDrtuw,Perla's,Austin,TX,restaurants,0.3470544462410056,High Risk,Crowded Market Risk,RatingRiskComponent,-1.1956461702050107,1.588629669346492,0.9952342858225411,0.0,3.9,2041,3.0,200,30.24995731632653,-97.75009197444392
4h-O6wPWswMbVowT_lYn9g,Tiki Tatsu-Ya,Austin,TX,restaurants,0.005665237529213107,Medium Risk,High-End / Niche Risk,RatingRiskComponent,0.3054737260712325,0.3143277955391447,-0.5971405714935247,0.0,4.2,541,2.0,200,30.25382,-97.76331
z4fQL2IHUR4ENonH7A_9tQ,Fonda San Miguel,Austin,TX,restaurants,0.25789709694329066,High Risk,Lower Relative Risk,PriceRiskComponent,-0.7027409848576409,0.7390950868082624,0.9952342858225411,0.0,4.1,1320,3.0,200,30.3255963,-97.7433855358878
EPkf96UcG2W3ttlQphWUGQ,la Barbecue,Austin,TX,restaurants,-0.6000598983013514,Low Risk,Crowded Market Risk,CompetitionRisk,-1.6926595259819117,-0.11043949572996915,-0.5971405714935247,0.0,4.3,3167,2.0,200,30.25455168824016,-97.7175824980666
vwwG4ZL46BBXeZMdrhi8PQ,Eberly,Austin,TX,restaurants,0.49387117209307096,High Risk,Lower Relative Risk,RatingRiskComponent,-0.1836119755276335,1.1638623780773762,0.9952342858225411,0.0,4.0,834,3.0,200,30.258668,-97.758881
GbsVsvABa4d3tDJRJdRs-Q,Jack Allen's Kitchen,Austin,TX,restaurants,-0.16511781286166632,Low Risk,High-End / Niche Risk,EngagementRisk,0.04710881577682853,-0.11043949572996915,-0.5971405714935247,0.0,4.3,680,2.0,200,30.3352434572574,-97.8075081023773
TSKMu1M0HAFoPvCZuJxx1w,Comedor,Austin,TX,restaurants,0.9149132730777306,High Risk,Lower Relative Risk,PriceRiskComponent,0.33294886236405324,0.7390950868082624,2.587609143138607,0.0,4.1,528,4.0,200,30.267721,-97.744204
Bz-NZ-2Dx6pztO0nvfD3JA,Nori,Austin,TX,restaurants,0.15985969864487193,Medium Risk,Lower Relative Risk,EngagementRisk,1.028945878294261,-1.3847413695373145,0.9952342858225411,0.0,4.6,285,3.0,200,30.2999,-97.74031
9e5lIroM6Eyd4aS26pWWEQ,Cooper's Old Time Pit Bar-B-Que,Austin,TX,restaurants,-0.17754431172363566,Low Risk,Crowded Market Risk,RatingRiskComponent,-1.2768990534783942,1.1638623780773762,-0.5971405714935247,0.0,4.0,2193,2.0,200,30.2649407,-97.7437486714698
4T4iO_t5iz6SbHrphY2fGA,CARVE American Grille - Central Austin,Austin,TX,restaurants,0.36059689591786453,High Risk,High-End / Niche Risk,EngagementRisk,1.3004330683567202,0.7390950868082624,-0.5971405714935247,0.0,4.1,224,,200,30.31812,-97.75281
U72ZAUh47P1cX-91jqLpJw,Emmer & Rye,Austin,TX,restaurants,0.4462684003632265,High Risk,Lower Relative Risk,RatingRiskComponent,-0.3740230624470114,1.1638623780773762,0.9952342858225411,0.0,4.0,987,3.0,200,30.256941357994524,-97.73933237013148
iuy7Wk41ZlSzk2DhNv0ymQ,TenTen,Austin,TX,restaurants,0.2991374966471733,High Risk,Lower Relative Risk,PriceRiskComponent,0.31175519649612127,-0.11043949572996915,0.9952342858225411,0.0,4.3,538,3.0,200,30.26916,-97.74771
27FZ6pNit3mbKA0MysZgaQ,Tatsumi Sushi,Austin,TX,restaurants,-0.17378085390686432,Low Risk,Lower Relative Risk,PriceRiskComponent,0.11915095935643367,-1.8095086608064321,0.9952342858225411,0.0,4.7,638,3.0,200,30.359108,-97.734542
KYr5xhJZ4_7Dzm1wIrW__w,The Peached Tortilla,Austin,TX,restaurants,-0.19968838514549142,Low Risk,Crowded Market Risk,RatingRiskComponent,-0.5159407646275856,0.3143277955391447,-0.5971405714935247,0.0,4.2,1119,2.0,200,30.33089,-97.74026
43N-TKU1m-y4FljMA0VXCg,Culinary Dropout,Austin,TX,restaurants,-0.27402882602711537,Low Risk,Crowded Market Risk,RatingRiskComponent,-1.2380698194231992,0.7390950868082624,-0.5971405714935247,0.0,4.1,2119,2.0,200,30.40344237657433,-97.7216
2YSJoXu7pUe_BT5XqbPz4Q,Nomade,Austin,TX,restaurants,-0.048648779154016775,Medium Risk,High-End / Niche Risk,EngagementRisk,0.9377522418765444,-0.5352067869990867,-0.5971405714935247,0.0,4.4,309,,200,30.249712,-97.755304
67bZm-KQQCwSat7_jmiVbA,Hopdoddy Burger Bar,Austin,TX,restaurants,-0.15695384720774652,Medium Risk,Crowded Market Risk,RatingRiskComponent,-1.1945371954148376,1.1638623780773762,-0.5971405714935247,0.0,4.0,2039,2.0,200,30.357638653378597,-97.7331304745033
r0LLzy0DYJz02Nc4XCg7rw,Clark's Oyster Bar - Austin,Austin,TX,restaurants,0.3728284504170165,High Risk,Lower Relative Risk,PriceRiskComponent,-0.24301557096273743,0.7390950868082624,0.9952342858225411,0.0,4.1,879,3.0,200,30.27296758753496,-97.75719738970636
wQ8XK2NJAL2csx_LmZfz4g,Eldorado Cafe,Austin,TX,restaurants,-0.4975686093584987,Low Risk,High-End / Niche Risk,CompetitionRisk,-0.43315978767226937,-0.9599740782682007,-0.5971405714935247,0.0,4.5,1040,2.0,200,30.362224,-97.7423571527181
CqOkl94q9ttvYNWIITA8ow,Swift's Attic,Austin,TX,restaurants,0.3835935797804656,High Risk,Lower Relative Risk,RatingRiskComponent,-0.6247223447780549,1.1638623780773762,0.9952342858225411,0.0,4.0,1232,3.0,200,30.26566,-97.743238
I6OrRuUmbIYoVRevwlUTrg,J Prime Steakhouse - Austin,Austin,TX,restaurants,0.7125809180728304,High Risk,Lower Relative Risk,PriceRiskComponent,1.2226886074209153,-0.9599740782682007,2.587609143138607,0.0,4.5,240,4.0,200,30.264809599995186,-97.74160646441464
nyDs0CD-lFysI3oIG9T5bw,Wu Chow,Austin,TX,restaurants,0.10556459847890404,Medium Risk,Crowded Market Risk,RatingRiskComponent,-0.5692307039373513,1.588629669346492,-0.5971405714935247,0.0,3.9,1173,2.0,200,30.268829,-97.748147
X7fLdR3A_0hJCBqv3-7O-A,Eddie V's Prime Seafood,Austin,TX,restaurants,0.13393652185252322,Medium Risk,Lower Relative Risk,PriceRiskComponent,0.07571858858663848,-0.5352067869990867,0.9952342858225411,0.0,4.4,663,3.0,200,30.38960524,-97.75295257
yqL1P6wcSZYQAgpO3TfhBQ,Kemuri Tatsu-ya,Austin,TX,restaurants,0.42904867600491675,High Risk,Lower Relative Risk,RatingRiskComponent,-0.44290195988025033,1.1638623780773762,0.9952342858225411,0.0,4.0,1049,3.0,200,30.25386,-97.7129
hpttZ0nryCCmV1hxwN3ZGg,ATX Cocina,Austin,TX,restaurants,0.2996794687728632,High Risk,Lower Relative Risk,PriceRiskComponent,-0.11084420627023303,0.3143277955391447,0.9952342858225411,0.0,4.2,782,3.0,200,30.264930789250577,-97.74928647433494
SRwJ6tNJ6r7hQ3uQ7hIBpQ,Bartlett's,Austin,TX,restaurants,0.30484987838715183,High Risk,Lower Relative Risk,PriceRiskComponent,-0.5149298590821964,0.7390950868082624,0.9952342858225411,0.0,4.1,1118,3.0,200,30.356725,-97.73124
hveKjJmiPTcUS4sKuvZBYg,Jeffrey's,Austin,TX,restaurants,0.8957857988337987,High Risk,Lower Relative Risk,PriceRiskComponent,0.25643896538832583,0.7390950868082624,2.587609143138607,0.0,4.1,565,4.0,200,30.28047,-97.75919
zDVjN3dC9EfQno21m3O8Pg,Stiles Switch BBQ & Brew,Austin,TX,restaurants,-0.27349449693401484,Low Risk,Crowded Market Risk,RatingRiskComponent,-1.235932503050797,0.7390950868082624,-0.5971405714935247,0.0,4.1,2115,2.0,200,30.33432,-97.7215
MnO3YMUGAnkHm-iy5wo0mQ,Intero Restaurant,Austin,TX,restaurants,-0.059048881136413545,Medium Risk,Lower Relative Risk,PriceRiskComponent,0.1533115591691193,-1.3847413695373145,0.9952342858225411,0.0,4.6,619,3.0,200,30.2538078303281,-97.7146533178121
tG7C9aZpYmj0-Z8hZC-0cg,SLAB BBQ & Beer,Austin,TX,restaurants,-0.35914302811421484,Low Risk,Crowded Market Risk,CompetitionRisk,-0.7289920452333655,-0.11043949572996915,-0.5971405714935247,0.0,4.3,1351,2.0,200,30.371378596230645,-97.72466797451716
_dX5kPHrplgQOpk1hBE7mg,Simar Seafood  Cocina,Austin,TX,restaurants,-0.11991488624611574,Medium Risk,High-End / Niche Risk,EngagementRisk,1.0774551047772625,-0.9599740782682007,-0.5971405714935247,0.0,4.5,273,2.0,200,30.385998608767903,-97.74167823668532
Arkwh6sIktiIjimtIiONXg,Lutie’s,Austin,TX,restaurants,0.22122080369621938,High Risk,High-End / Niche Risk,EngagementRisk,1.1676959907392575,0.3143277955391447,-0.5971405714935247,0.0,4.2,252,,200,30.300784,-97.722215
lIXsFNSHZmhfD0dlbV4lSg,Santorini Cafe,Austin,TX,restaurants,-0.7113079220367475,Low Risk,High-End / Niche Risk,CompetitionRisk,-0.43858245584703354,-1.8095086608064321,-0.5971405714935247,0.0,4.7,1045,2.0,200,30.387754325807133,-97.6841092
tSUDZZ95ky1xiPXBGG6s1g,Uchibā Austin,Austin,TX,restaurants,0.03457554588326403,Medium Risk,High-End / Niche Risk,EngagementRisk,1.2706495420256676,-0.5352067869990867,-0.5971405714935247,0.0,4.4,230,2.0,200,30.2658,-97.74998
xyvGNML9BW-3seLMqeYCWA,Colleen's Kitchen,Austin,TX,restaurants,0.15221401767259196,Medium Risk,Crowded Market Risk,RatingRiskComponent,0.0421342641065164,1.1638623780773762,-0.5971405714935247,0.0,4.0,683,2.0,200,30.2984,-97.704748
PXDwg6vXCzmpqnht6qmAnw,North Italia,Austin,TX,restaurants,0.20778891940147032,High Risk,Crowded Market Risk,RatingRiskComponent,-0.16033342024708613,1.588629669346492,-0.5971405714935247,0.0,3.9,817,2.0,200,30.26588,-97.74892
KEh3efWSOIzd8BvuW-X4-g,Phoebe's Diner,Austin,TX,restaurants,-0.686940463309925,Low Risk,Crowded Market Risk,CompetitionRisk,-1.1906472034779743,-0.9599740782682007,-0.5971405714935247,0.0,4.5,2032,2.0,200,30.2416132,-97.7588755
aTuONbEHUx5BjyajRXWxcg,An Nyeong K Tofu & Bbq,Austin,TX,restaurants,-0.10406761420884786,Medium Risk,High-End / Niche Risk,EngagementRisk,1.5656114841954478,-1.3847413695373145,-0.5971405714935247,0.0,4.6,177,2.0,200,30.321701245378605,-97.7390392
iiHcYdhd1CeDJjFZVCtKgg,Buddy's Burger,Austin,TX,restaurants,-0.559447473836881,Low Risk,High-End / Niche Risk,EngagementRisk,0.062165029192036036,-0.11043949572996915,-2.1895154288095906,0.0,4.3,671,1.0,200,30.34604078234463,-97.67666463864832
A7M_2DiB8Xvj3NTs1RGfDg,Truluck's Ocean's Finest Seafood & Crab,Austin,TX,restaurants,0.20491687720381582,High Risk,Lower Relative Risk,PriceRiskComponent,-0.0651272812773087,-0.11043949572996915,0.9952342858225411,0.0,4.3,751,3.0,200,30.3952662489598,-97.7454305690891
G6_o1h3cm7ocJK-To1HWew,Pho Please,Austin,TX,restaurants,-0.4491878010400396,Low Risk,Crowded Market Risk,CompetitionRisk,-0.6644038456675468,-0.5352067869990867,-0.5971405714935247,0.0,4.4,1276,2.0,200,30.243163,-97.72809
-jxEILUSqsWL0Oo7cQDfVg,Sazan Ramen,Austin,TX,restaurants,-0.1031246491891296,Medium Risk,High-End / Niche Risk,EngagementRisk,0.29508147046697547,-0.11043949572996915,-0.5971405714935247,0.0,4.3,546,2.0,200,30.336686264420702,-97.71663004481591
uwFa-pTQL1Rv4nULoIraNw,Ramen Tatsu-Ya,Austin,TX,restaurants,-0.27389533832909624,Low Risk,Crowded Market Risk,RatingRiskComponent,-1.2375358686311226,0.7390950868082624,-0.5971405714935247,0.0,4.1,2118,2.0,200,30.253899793553,-97.7631825953722
okamtsdTV_8ZgDbLtOSr9A,TLC Austin,Austin,TX,restaurants,0.1846088846026589,Medium Risk,Crowded Market Risk,RatingRiskComponent,0.1717137318267841,1.1638623780773762,-0.5971405714935247,0.0,4.0,609,2.0,200,30.25576,-97.76252
INUWOG0fuuYwinCEA2BrHQ,Phoebe's Diner,Austin,TX,restaurants,-0.5613223027805705,Low Risk,High-End / Niche Risk,CompetitionRisk,-0.2634072700914425,-1.3847413695373145,-0.5971405714935247,0.0,4.6,895,2.0,200,30.27404,-97.74493
T5UAsZOwDB6jc1X1AuiSaQ,VERDAD True Modern Mexican,Austin,TX,restaurants,0.3544213470304188,High Risk,High-End / Niche Risk,EngagementRisk,1.7004981640760553,0.3143277955391447,-0.5971405714935247,0.0,4.2,157,,200,30.31831,-97.75381
Uav2xHxqZZxy4eblNB--PA,Fukumoto Sushi & Yakitori,Austin,TX,restaurants,0.23885293828443876,High Risk,Lower Relative Risk,PriceRiskComponent,0.07061696304518307,-0.11043949572996915,0.9952342858225411,0.0,4.3,666,3.0,200,30.2647051303186,-97.731695353373
ewoEi_2LXaCxjXyFEG7_4w,Tsuke Edomae,Austin,TX,restaurants,0.5760849564466132,High Risk,Lower Relative Risk,PriceRiskComponent,2.3757739259925095,-2.6590432433446636,2.587609143138607,0.0,4.9,86,4.0,200,30.298973,-97.70816
nJx3CI1grAFz1m9DO4CN-g,Komé,Austin,TX,restaurants,-0.3060307038361809,Low Risk,Crowded Market Risk,RatingRiskComponent,-0.9413100393903435,0.3143277955391447,-0.5971405714935247,0.0,4.2,1630,2.0,200,30.31427,-97.71463
4-RkxDM200qfSG756uVmtQ,Péché,Austin,TX,restaurants,-0.06501100055811099,Medium Risk,Crowded Market Risk,RatingRiskComponent,-0.8267658088162955,1.1638623780773762,-0.5971405714935247,0.0,4.0,1473,2.0,200,30.26699,-97.74524
gghrK_T4ulGBgJPtn2cbiA,The Carillon,Austin,TX,restaurants,0.4221099944399209,High Risk,Lower Relative Risk,PriceRiskComponent,0.8036451876671118,-0.11043949572996915,0.9952342858225411,0.0,4.3,348,3.0,200,30.2818694031,-97.7400357374344
5fI9ZzqzRLnMNYoTMjUGGQ,Granny's Tacos,Austin,TX,restaurants,-0.9888085175022173,Low Risk,High-End / Niche Risk,EngagementRisk,0.043790019607153535,-1.8095086608064321,-2.1895154288095906,0.0,4.7,682,1.0,200,30.26438,-97.728013
Z3Y4h9RmBB0jCHJC0CMXbg,Quince Lakehouse,Austin,TX,restaurants,-0.2645829670801032,Low Risk,High-End / Niche Risk,EngagementRisk,0.07401549017219859,-0.5352067869990867,-0.5971405714935247,0.0,4.4,664,,200,30.29547127448907,-97.7841556
taRtJ8b4eEBm5mdT09IqFA,De Nada Cantina,Austin,TX,restaurants,-0.019777949557783808,Medium Risk,High-End / Niche Risk,RatingRiskComponent,0.20370097772324483,0.3143277955391447,-0.5971405714935247,0.0,4.2,592,2.0,200,30.251447,-97.702184
fTwvEZw8tvF73QxcX-5TdA,Mongers Market + Kitchen,Austin,TX,restaurants,0.03477943702484898,Medium Risk,High-End / Niche Risk,EngagementRisk,0.4219305240537759,0.3143277955391447,-0.5971405714935247,0.0,4.2,488,2.0,200,30.30693,-97.73519
skvuuJVurCYV6J9QcAC0SA,Il Brutto,Austin,TX,restaurants,0.3458943928834711,High Risk,Lower Relative Risk,PriceRiskComponent,0.07401549017219859,0.3143277955391447,0.9952342858225411,0.0,4.2,664,3.0,200,30.2628502,-97.7263546
08wLD2pUdZV73zHywMpREA,Musashino Sushi Dokoro,Austin,TX,restaurants,0.37999154619842324,High Risk,Lower Relative Risk,PriceRiskComponent,-0.21436318783711064,0.7390950868082624,0.9952342858225411,0.0,4.1,857,3.0,200,30.2980839,-97.7475817
O31SAvOOjle_RLvRpHDdmg,Vince Young Steakhouse,Austin,TX,restaurants,0.6215258079976407,High Risk,Lower Relative Risk,RatingRiskComponent,-0.09776072317847045,1.588629669346492,0.9952342858225411,0.0,3.9,773,3.0,200,30.26485,-97.74115
pCNH6bRbyAR7vhaIKoFCxQ,Titaya's Thai Cuisine,Austin,TX,restaurants,-0.3664099128484638,Low Risk,Crowded Market Risk,RatingRiskComponent,-1.1828268754394753,0.3143277955391447,-0.5971405714935247,0.0,4.2,2018,2.0,200,30.3236051867619,-97.7273681944428
bjzOuok1eXLceKaWWR-y7g,Mattie's,Austin,TX,restaurants,0.5625804395700247,High Risk,Lower Relative Risk,PriceRiskComponent,0.5159923856492951,0.7390950868082624,0.9952342858225411,0.0,4.1,449,3.0,200,30.245335,-97.7628288
f6bsxIitCz6o2XgXeyYJLw,Olamaie,Austin,TX,restaurants,0.6802163948230922,High Risk,Lower Relative Risk,RatingRiskComponent,0.1370016241233351,1.588629669346492,0.9952342858225411,0.0,3.9,628,3.0,200,30.2799,-97.74367
KYLDv6fOFhFMNvn-KGNrDg,Kismet Cafe,Austin,TX,restaurants,-0.06438277770904194,Medium Risk,High-End / Niche Risk,EngagementRisk,0.4500489563873261,-0.11043949572996915,-0.5971405714935247,0.0,4.3,476,2.0,200,30.299869517193752,-97.72141602331212
LoSheJfJ57sNedZj0GWO5A,Bar Peached,Austin,TX,restaurants,-0.1335023882229754,Medium Risk,High-End / Niche Risk,EngagementRisk,0.17357051433159235,-0.11043949572996915,-0.5971405714935247,0.0,4.3,608,2.0,200,30.27354,-97.76001
AsYbCd5d7TtIZEWIL5VhOw,Roaring Fork,Austin,TX,restaurants,0.24025382426025518,High Risk,Lower Relative Risk,PriceRiskComponent,-0.7733140755897828,0.7390950868082624,0.9952342858225411,0.0,4.1,1405,3.0,200,30.2691239366193,-97.74220162455124
mKX28z-6g-XoChGATQ6F9Q,Khon Thai Kitchen By Seeda,Austin,TX,restaurants,0.11801734197105912,Medium Risk,High-End / Niche Risk,EngagementRisk,1.6044167263768478,-0.5352067869990867,-0.5971405714935247,0.0,4.4,171,2.0,200,30.3334,-97.74101
u5XqU3ys3nXd1Ee0XYKLWg,Foreign & Domestic,Austin,TX,restaurants,0.27314795990937696,High Risk,Crowded Market Risk,RatingRiskComponent,-0.32366454948457524,2.0133969606156077,-0.5971405714935247,0.0,3.8,944,2.0,200,30.31705799034052,-97.7195655116567
CLcRsv9px0tbBkPkRN5qBQ,Otoko,Austin,TX,restaurants,0.8146703648693231,High Risk,Lower Relative Risk,PriceRiskComponent,1.6310463946068863,-0.9599740782682007,2.587609143138607,0.0,4.5,167,4.0,200,30.2474,-97.75006
O9kPl8Rd3SY3rjq4znpvKA,Nightcap,Austin,TX,restaurants,0.3361795268953414,High Risk,Crowded Market Risk,RatingRiskComponent,0.777996300997514,1.1638623780773762,-0.5971405714935247,0.0,4.0,356,2.0,200,30.27371,-97.76045
tmvswVDr4n56EjWq_RptBA,Gusto Italian Kitchen & Wine Bar,Austin,TX,restaurants,0.3289782018537511,High Risk,Crowded Market Risk,RatingRiskComponent,0.324423709562037,1.588629669346492,-0.5971405714935247,0.0,3.9,532,2.0,200,30.3183136593457,-97.7399416283112
M6_Jp6Xcf2z-j_Ay_GiHtA,Jack Allen's Kitchen Anderson Lane,Austin,TX,restaurants,-0.08441632276721737,Medium Risk,High-End / Niche Risk,EngagementRisk,0.36991477615462437,-0.11043949572996915,-0.5971405714935247,0.0,4.3,511,2.0,200,30.361396,-97.739671
sjgbSELDpzaabRe8bZwUbw,Micklethwait Craft Meats,Austin,TX,restaurants,-0.528922905081654,Low Risk,High-End / Niche Risk,CompetitionRisk,-0.5585769705648906,-0.9599740782682007,-0.5971405714935247,0.0,4.5,1162,2.0,200,30.273215515226617,-97.6901652
gKREdIgb5vB844iOtbzqBA,Pinthouse Pizza,Austin,TX,restaurants,-0.508236307322008,Low Risk,High-End / Niche Risk,CompetitionRisk,-0.4758305795263063,-0.9599740782682007,-0.5971405714935247,0.0,4.5,1080,2.0,200,30.23609698905644,-97.795895
JfSFcZjRfUKpjSq9s42jYA,Velvet Taco,Austin,TX,restaurants,-0.4129868190991232,Low Risk,High-End / Niche Risk,CompetitionRisk,-0.09483262663476735,-0.9599740782682007,-0.5971405714935247,0.0,4.5,771,2.0,200,30.26794,-97.7431
yM7ZbF-hY2r-MO8PMSLB9w,Sushi Junai Omakase,Austin,TX,restaurants,-0.1114168497409142,Medium Risk,High-End / Niche Risk,EngagementRisk,0.6866799595289547,-0.5352067869990867,-0.5971405714935247,0.0,4.4,386,,200,30.26563086253553,-97.74349112944728
SzMqKnNn32pbsdrsBkQhfQ,Veracruz Fonda & Bar,Austin,TX,restaurants,0.04243816368721989,Medium Risk,High-End / Niche Risk,EngagementRisk,0.8773327219723734,-0.11043949572996915,-0.5971405714935247,0.0,4.3,326,2.0,200,30.29819578727444,-97.70524985715171
2EnKNyqXVTAsG5V9VJNxxg,Tiny Boxwoods,Austin,TX,restaurants,0.4202742884814063,High Risk,Crowded Market Risk,RatingRiskComponent,0.6896080560726578,1.588629669346492,-0.5971405714935247,0.0,3.9,385,2.0,200,30.305984086871916,-97.74959880509364
6oIKOIJmrSxv1MjVzg_hXQ,The Peacock,Austin,TX,restaurants,0.18603484361591477,Medium Risk,High-End / Niche Risk,RatingRiskComponent,0.6021848591489213,0.7390950868082624,-0.5971405714935247,0.0,4.1,416,2.0,200,30.26605435406326,-97.75015709999904
O39mniGKRun7UrA1PEkUxg,Murray's Tavern,Austin,TX,restaurants,0.15299108879230555,Medium Risk,High-End / Niche Risk,EngagementRisk,1.7443117136618338,-0.5352067869990867,-0.5971405714935247,0.0,4.4,151,,200,30.262752484473964,-97.715280279381
j3CWjH0XtesbbDZFVq3c7Q,Pinthouse Pizza,Austin,TX,restaurants,-0.2690182214246062,Low Risk,Crowded Market Risk,RatingRiskComponent,-0.7932601097440446,0.3143277955391447,-0.5971405714935247,0.0,4.2,1430,2.0,200,30.318791457399488,-97.73913049198538
ZvYDNfxeJgnB0_9jwSAsxQ,Mandola's Italian,Austin,TX,restaurants,0.08623750161492397,Medium Risk,Crowded Market Risk,RatingRiskComponent,-0.6465390913932715,1.588629669346492,-0.5971405714935247,0.0,3.9,1256,2.0,200,30.3159319310134,-97.7336796197883
zZIWHmITwqaC8OhnPkjEIQ,"Snooze, an A.M. Eatery",Austin,TX,restaurants,-0.13933861166158348,Medium Risk,Crowded Market Risk,RatingRiskComponent,-0.6993089619610716,0.7390950868082624,-0.5971405714935247,0.0,4.1,1316,2.0,200,30.305832,-97.743182
nXtn29mTWlYeHxvHSz4dfA,Koriente,Austin,TX,restaurants,-0.5692453743861334,Low Risk,Crowded Market Risk,CompetitionRisk,-1.144634139051922,-0.5352067869990867,-0.5971405714935247,0.0,4.4,1951,2.0,200,30.267,-97.73597
YwdNk5vD1gi6VttNucMDbA,sway thai,Austin,TX,restaurants,0.465392538956999,High Risk,Crowded Market Risk,RatingRiskComponent,0.445313766705913,2.0133969606156077,-0.5971405714935247,0.0,3.8,478,2.0,200,30.2765427,-97.8040836
TxJxKvTD_vjpUAwW54h1EQ,Hi Wings,Austin,TX,restaurants,-0.3208609658609889,Low Risk,High-End / Niche Risk,EngagementRisk,0.6984380775868836,-1.3847413695373145,-0.5971405714935247,0.0,4.6,382,2.0,200,30.3550760480797,-97.7327821745008
Gzi27rYJ2RegyRY_KqtloA,Bamboo House Austin,Austin,TX,restaurants,0.014451633955818721,Medium Risk,High-End / Niche Risk,EngagementRisk,0.7653866030467688,-0.11043949572996915,-0.5971405714935247,0.0,4.3,360,2.0,200,30.33919,-97.71833
U1ti23Ir3tF5kg28rCBGDw,Neighborhood Sushi,Austin,TX,restaurants,0.5582012597058537,High Risk,Lower Relative Risk,PriceRiskComponent,0.9232429574617289,0.3143277955391447,0.9952342858225411,0.0,4.2,313,3.0,200,30.24653,-97.75109
YrReCTKKKRBEDMwFqcftsA,La Piscina,Austin,TX,restaurants,0.5413213347991555,High Risk,Lower Relative Risk,EngagementRisk,1.2804905491040501,-0.11043949572996915,0.9952342858225411,0.0,4.3,228,3.0,200,30.266243,-97.750001
1hJEqPHe65oJmO6scIKvKA,Tumble 22 Chicken Joint,Austin,TX,restaurants,-0.013350489851307407,Medium Risk,Crowded Market Risk,RatingRiskComponent,-0.6201237659890811,1.1638623780773762,-0.5971405714935247,0.0,4.0,1227,2.0,200,30.347971,-97.735312
N20Ind9AWLbsCFFxtR_URQ,Gino's Vino Osteria,Austin,TX,restaurants,0.3445940926220649,High Risk,Lower Relative Risk,PriceRiskComponent,0.4935815803956877,-0.11043949572996915,0.9952342858225411,0.0,4.3,458,3.0,200,30.307265,-97.706995
3gYruqSQnMtCmF2DiXcEOQ,Vespaio Ristorante,Austin,TX,restaurants,0.39979428992828536,High Risk,Lower Relative Risk,PriceRiskComponent,-0.13515221291766197,0.7390950868082624,0.9952342858225411,0.0,4.1,799,3.0,200,30.24735,-97.75074
XzMq2IRnVCloPe55VhFJMw,Sixty Vines,Austin,TX,restaurants,-0.014841084823826789,Medium Risk,High-End / Niche Risk,EngagementRisk,1.4977503104664183,-0.9599740782682007,-0.5971405714935247,0.0,4.5,188,2.0,200,30.40040559402738,-97.727169
eZE0FdYB9rUvbuPS4fNyYA,Arturo's Underground Cafe,Austin,TX,restaurants,-0.23764890954655782,Low Risk,High-End / Niche Risk,CompetitionRisk,-0.24301557096273743,-0.11043949572996915,-0.5971405714935247,0.0,4.3,879,2.0,200,30.2797094,-97.74192
dOQPeXu27YmjYFfV5tX-Zg,Bulevar Mexican Kitchen,Austin,TX,restaurants,0.5034813372083198,High Risk,Lower Relative Risk,PriceRiskComponent,0.7043632674715933,0.3143277955391447,0.9952342858225411,0.0,4.2,380,3.0,200,30.3896653,-97.7530075
6e3UQmbqFLGWWDCI5VczCA,Hopfields,Austin,TX,restaurants,0.2857441977254011,High Risk,Crowded Market Risk,RatingRiskComponent,0.15148769304863716,1.588629669346492,-0.5971405714935247,0.0,3.9,620,2.0,200,30.2985538576336,-97.7409893637848
VLkKyk6RA6Tn02YQjyILIw,District Kitchen - Anderson Lane,Austin,TX,restaurants,0.011333947634983937,Medium Risk,High-End / Niche Risk,EngagementRisk,0.7529158577634296,-0.11043949572996915,-0.5971405714935247,0.0,4.3,364,2.0,200,30.36068,-97.74139
TKEmPN45epfqtNQq6wY8Dg,ALC Steaks,Austin,TX,restaurants,0.6419872881617616,High Risk,Lower Relative Risk,RatingRiskComponent,-0.015914802521986897,1.588629669346492,0.9952342858225411,0.0,3.9,719,3.0,200,30.27712,-97.75098
lVLUITyRS9M0_P5POGnHPw,Soupleaf Hot Pot,Austin,TX,restaurants,0.17613223021206867,Medium Risk,Lower Relative Risk,PriceRiskComponent,0.6692687132939342,-0.9599740782682007,0.9952342858225411,0.0,4.5,392,3.0,200,30.33867074286145,-97.7182056039015
DzrgzDDKSpACYWW3yKSt7A,Oseyo,Austin,TX,restaurants,0.8513465554229422,High Risk,Lower Relative Risk,RatingRiskComponent,0.39675497525362,2.0133969606156077,0.9952342858225411,0.0,3.8,499,3.0,200,30.25831,-97.72757
mHHPfCZGRp4BQe_QvVno7g,Juliet Italian Kitchen,Austin,TX,restaurants,0.2425313965754443,High Risk,Crowded Market Risk,RatingRiskComponent,-0.4461308028203057,2.0133969606156077,-0.5971405714935247,0.0,3.8,1052,2.0,200,30.261645819614227,-97.76005464342612
D0a-5tvB43JItaD0cvImhA,MezzeMe,Austin,TX,restaurants,-0.23406363375553102,Low Risk,High-End / Niche Risk,EngagementRisk,0.19609282347048743,-0.5352067869990867,-0.5971405714935247,0.0,4.4,596,2.0,200,30.315579427555196,-97.73323874109911
P5nJYSMnGj1tczv_PkNhyw,5280 Burger & Taphouse,Austin,TX,restaurants,0.0783698268745219,Medium Risk,High-End / Niche Risk,EngagementRisk,1.0210593747215815,-0.11043949572996915,-0.5971405714935247,0.0,4.3,287,2.0,200,30.3524311,-97.7542755
2vppZx0rTDZtCzw-NljdRQ,The Capital Grille,Austin,TX,restaurants,0.44711148495357117,High Risk,Lower Relative Risk,PriceRiskComponent,0.4788838584525988,0.3143277955391447,0.9952342858225411,0.0,4.2,464,3.0,200,30.26627046,-97.7444694822092
0Tjiph2juRLnj74gDix18A,Arriba Abajo,Austin,TX,restaurants,0.5438031680001928,High Risk,Lower Relative Risk,EngagementRisk,1.2904178819081993,-0.11043949572996915,0.9952342858225411,0.0,4.3,226,3.0,200,30.26683174026106,-97.7409874
Y6tpEFutDG3a-DHu2cJ7LQ,Jacoby's Restaurant & Mercantile,Austin,TX,restaurants,0.7042290775411152,High Risk,Lower Relative Risk,RatingRiskComponent,-0.19171493627368813,2.0133969606156077,0.9952342858225411,0.0,3.8,840,3.0,200,30.2515,-97.70737
FVANupKYOw0gcAF7J6bebQ,House of Three Gorges,Austin,TX,restaurants,-0.09408166846579966,Medium Risk,High-End / Niche Risk,EngagementRisk,0.7560206846294129,-0.5352067869990867,-0.5971405714935247,0.0,4.4,363,2.0,200,30.3617280827925,-97.7153496770409
r7m-V0drTnK9o2Mg1FcxAQ,Gràcia Mediterranean,Austin,TX,restaurants,0.027008209249998416,Medium Risk,High-End / Niche Risk,EngagementRisk,2.089914778030833,-1.3847413695373145,-0.5971405714935247,0.0,4.6,111,,200,30.319075,-97.739501
4mtF2og-yXj7GbGgJNxq0w,Corinne Austin,Austin,TX,restaurants,0.19290234511655685,Medium Risk,High-End / Niche Risk,RatingRiskComponent,0.6296548651514897,0.7390950868082624,-0.5971405714935247,0.0,4.1,406,2.0,200,30.262883,-97.741555
U9p0G4OOUWP425Ww8FHaGQ,Little Deli & Pizzeria,Austin,TX,restaurants,-0.60279710683188,Low Risk,High-End / Niche Risk,CompetitionRisk,-0.8540737775657948,-0.9599740782682007,-0.5971405714935247,0.0,4.5,1509,2.0,200,30.34264315,-97.72547237644008
ZNwznJunPKKLyc-YSAbCcw,Mandala Kitchen & Bar,Austin,TX,restaurants,0.03985433595116808,Medium Risk,High-End / Niche Risk,EngagementRisk,0.8669974110281662,-0.11043949572996915,-0.5971405714935247,0.0,4.3,329,2.0,200,30.255356,-97.762147
NplrGF_5kZx5K67CgxqaKg,Marufuku Ramen,Austin,TX,restaurants,-0.19226108409732917,Low Risk,High-End / Niche Risk,EngagementRisk,0.3633030221032948,-0.5352067869990867,-0.5971405714935247,0.0,4.4,514,2.0,200,30.298142,-97.705115
pKXtSuabMA63tYCk1UMR-g,Turf N Surf Po' Boy,Austin,TX,restaurants,-0.5391949225343176,Low Risk,High-End / Niche Risk,CompetitionRisk,-0.5996650403755449,-0.9599740782682007,-0.5971405714935247,0.0,4.5,1205,2.0,200,30.2670779,-97.7456564
i_2XxgXPFjVxkXRnHjtu-A,Fig Italian Kitchen & Bar,Austin,TX,restaurants,0.3951536749053683,High Risk,High-End / Niche Risk,EngagementRisk,2.288194766844967,-0.11043949572996915,-0.5971405714935247,0.0,4.3,93,,200,30.240681,-97.78596
kqeblz37dvpiwy7-l9VfXA,Ceviche7,Austin,TX,restaurants,-0.5172901284047675,Low Risk,High-End / Niche Risk,EngagementRisk,0.7622560099500008,-2.234275952075546,-0.5971405714935247,0.0,4.8,361,2.0,200,30.29634,-97.74139
Qmq4gr5Mmo2oIVejag48PA,Kerbey Lane Cafe - Central,Austin,TX,restaurants,0.024051052218827307,Medium Risk,Crowded Market Risk,RatingRiskComponent,-0.8952848889776581,1.588629669346492,-0.5971405714935247,0.0,3.9,1565,2.0,200,30.30803,-97.75047
shFV63u-qAkHNfz3ZG4sIw,Tumble 22,Austin,TX,restaurants,0.19499552732027553,Medium Risk,High-End / Niche Risk,RatingRiskComponent,0.6380275939663644,0.7390950868082624,-0.5971405714935247,0.0,4.1,403,2.0,200,30.278100282180663,-97.77166171725284
aTvusfYoXUQ6Nem2-Vp4Zw,Ezov,Austin,TX,restaurants,0.03827399293631892,Medium Risk,High-End / Niche Risk,EngagementRisk,1.2854433302378871,-0.5352067869990867,-0.5971405714935247,0.0,4.4,227,,200,30.25345964298245,-97.7135189705522
HKi7fd2bTzZfVB_Dz9vGng,Lucky Robot,Austin,TX,restaurants,-0.21765371954198048,Low Risk,Crowded Market Risk,RatingRiskComponent,-1.0125693934826596,0.7390950868082624,-0.5971405714935247,0.0,4.1,1736,2.0,200,30.25085147601561,-97.7490062850641
C9QXRfi43sYP5lXkNGrM7A,Lazarus Brewing,Austin,TX,restaurants,-0.3699225989798911,Low Risk,High-End / Niche Risk,EngagementRisk,0.07742425384216091,-0.9599740782682007,-0.5971405714935247,0.0,4.5,662,2.0,200,30.26169,-97.72204
7ZU9DwctpN_tkC7EOd3C-Q,Ramen Tatsu-Ya,Austin,TX,restaurants,-0.015118725680220768,Medium Risk,Crowded Market Risk,RatingRiskComponent,-0.20242941803562078,0.7390950868082624,-0.5971405714935247,0.0,4.1,848,2.0,200,30.26326,-97.72624
190HyYQqSvzNccWArwFklg,Yamas Greek Kitchen + Bar,Austin,TX,restaurants,0.545410748042213,High Risk,Crowded Market Risk,RatingRiskComponent,0.7653866030467688,2.0133969606156077,-0.5971405714935247,0.0,3.8,360,,200,30.33557610922092,-97.75912693123576
ODKhTnArDrUsuqIlKNd2_g,Bikkle Jamaican Restaurant,Austin,TX,restaurants,-0.03505876732469032,Medium Risk,High-End / Niche Risk,EngagementRisk,1.4168795804629641,-0.9599740782682007,-0.5971405714935247,0.0,4.5,202,2.0,200,30.297044,-97.741423
Oj0dSJ9oL1jqf6Ud6cOYkA,Roaring Fork,Austin,TX,restaurants,0.3288911234659877,High Risk,Lower Relative Risk,RatingRiskComponent,-0.8435321700359665,1.1638623780773762,0.9952342858225411,0.0,4.0,1495,3.0,200,30.40064,-97.73747
LA5QhXzorbHpjY6pjHmHSA,Two Hands,Austin,TX,restaurants,0.007235605135435308,Medium Risk,High-End / Niche Risk,RatingRiskComponent,0.31175519649612127,0.3143277955391447,-0.5971405714935247,0.0,4.2,538,2.0,200,30.2535791926283,-97.7479241788387
fszy3S_lTDUt32f9gb2-pg,Carpenters Hall,Austin,TX,restaurants,0.2556653298422569,High Risk,High-End / Niche Risk,EngagementRisk,1.3054740953234079,0.3143277955391447,-0.5971405714935247,0.0,4.2,223,2.0,200,30.26215,-97.75871
k8KHoiDklnXDtXvLyxbd-w,Black's Barbecue Austin,Austin,TX,restaurants,0.03943383910754747,Medium Risk,Crowded Market Risk,RatingRiskComponent,-0.40898645015366164,1.1638623780773762,-0.5971405714935247,0.0,4.0,1018,2.0,200,30.29867630543602,-97.74125764700172
Qr6F7HEGMq8U-TmWrqDxtA,El Raval,Austin,TX,restaurants,0.20206949211816805,High Risk,High-End / Niche Risk,EngagementRisk,1.5158580356961662,-0.11043949572996915,-0.5971405714935247,0.0,4.3,185,2.0,200,30.25240001410319,-97.7644154154451
ZYtgu8IWHoAiO56vvxsiqg,L'Oca d'Oro,Austin,TX,restaurants,0.5945422833478402,High Risk,Lower Relative Risk,RatingRiskComponent,0.21907246949144332,1.1638623780773762,0.9952342858225411,0.0,4.0,584,3.0,200,30.29723900173195,-97.70461678902434
bQbO4RPTcS50EzoLx2Y2QQ,Sugar Pine,Austin,TX,restaurants,-0.1438459170814977,Medium Risk,High-End / Niche Risk,EngagementRisk,0.5569636901666207,-0.5352067869990867,-0.5971405714935247,0.0,4.4,433,2.0,200,30.36184,-97.71761
CQZfOv-D3tylQWJicrUkUg,Craft Omakase,Austin,TX,restaurants,0.5928310963662061,High Risk,Lower Relative Risk,PriceRiskComponent,2.4427584856708813,-2.6590432433446636,2.587609143138607,0.0,4.9,81,4.0,200,30.312563,-97.738624
RUs0hG72w5xa76-10ZhSXA,June's,Austin,TX,restaurants,0.20981769403716172,High Risk,Crowded Market Risk,RatingRiskComponent,0.27254896956479535,1.1638623780773762,-0.5971405714935247,0.0,4.0,557,2.0,200,30.2463083255216,-97.7511458576444
6cpyParNNfo2c0XFm4caVA,Old Thousand,Austin,TX,restaurants,0.33004183908654566,High Risk,Crowded Market Risk,RatingRiskComponent,0.3286782584932154,1.588629669346492,-0.5971405714935247,0.0,3.9,530,2.0,200,30.269595539216105,-97.7296569
w4W4RMx3BkDWQ9IagXAGSg,Lefty's Brick Bar,Austin,TX,restaurants,0.23255570429996625,High Risk,High-End / Niche Risk,EngagementRisk,1.637802884423359,-0.11043949572996915,-0.5971405714935247,0.0,4.3,166,2.0,200,30.26178360727735,-97.72313334577574
mbNRIX5ROAzeDAmCVM_xzg,Via 313 Pizza,Austin,TX,restaurants,-0.018342981964209915,Medium Risk,High-End / Niche Risk,RatingRiskComponent,0.20944084809754035,0.3143277955391447,-0.5971405714935247,0.0,4.2,589,2.0,200,30.26220653336207,-97.72315014485922
KQds0wAC6UBUxCBpRqVDHg,Apt 115,Austin,TX,restaurants,-0.2253568744771861,Low Risk,High-End / Niche Risk,EngagementRisk,1.9299890256603265,-2.234275952075546,-0.5971405714935247,0.0,4.8,128,2.0,200,30.2616,-97.71982
1-0Jhx0QpzPk9cGcMYRUDA,Halal Bros,Austin,TX,restaurants,-0.0719177551245288,Medium Risk,Crowded Market Risk,RatingRiskComponent,-0.0048582445437351796,0.3143277955391447,-0.5971405714935247,0.0,4.2,712,2.0,200,30.29253104200819,-97.74164734152036
kbFl5B33CiSS3bSNULdjfw,The Guest House Austin,Austin,TX,restaurants,1.0830383955616105,High Risk,Lower Relative Risk,PriceRiskComponent,1.0054493522995729,0.7390950868082624,2.587609143138607,0.0,4.1,291,4.0,200,30.2653,-97.74916
6A-flzVZVs1l-Jsl4tRvjQ,"Snooze, an A.M. Eatery",Austin,TX,restaurants,-0.29775790480721687,Low Risk,Crowded Market Risk,RatingRiskComponent,-0.9082188432744875,0.3143277955391447,-0.5971405714935247,0.0,4.2,1583,2.0,200,30.23723,-97.78375
4JNsfaP4ILEuzidhbPgvRQ,Patrizi's,Austin,TX,restaurants,-0.06037265818638465,Medium Risk,High-End / Niche Risk,EngagementRisk,1.3156240170161868,-0.9599740782682007,-0.5971405714935247,0.0,4.5,221,2.0,200,30.34027,-97.86307
v87I5i4XxiCr9Ihiqkbc4A,The Grove Wine Bar & Kitchen,Austin,TX,restaurants,0.26257273717306645,High Risk,Crowded Market Risk,RatingRiskComponent,0.05880185083929838,1.588629669346492,-0.5971405714935247,0.0,3.9,673,2.0,200,30.2963184857946,-97.8328549861908
-JqrUI1y8jaUQma7t2ShUA,Revelry Kitchen + Bar,Austin,TX,restaurants,0.1574172508999419,Medium Risk,High-End / Niche Risk,EngagementRisk,0.9124817795541478,0.3143277955391447,-0.5971405714935247,0.0,4.2,316,2.0,200,30.2637173006037,-97.7277220894538
7LF9LnQ0LPsMAzVRPhFzMw,Gina's on Congress,Austin,TX,restaurants,0.29504654188382234,High Risk,High-End / Niche Risk,EngagementRisk,2.312533526027901,-0.5352067869990867,-0.5971405714935247,0.0,4.4,91,,200,30.265866,-97.743919
